proposed_code,proposed_name,api_code,api_issuer,instrument_type,listing_status,classification,status,evidence_url,notes
HQU,OILTEK INTERNATIONAL LIMITED,HQU,OILTEK INTERNATIONAL LIMITED,Equity,ACTIVE,VERIFIED_ACTIVE_EQUITY,PASS,SGX API,Baseline entry - verified
1J5,HYPHENS PHARMA INTERNATIONAL LIMITED,1J5,HYPHENS PHARMA INTL LIMITED,Equity,ACTIVE,VERIFIED_ACTIVE_EQUITY,PASS,SGX API,Baseline entry - verified
L19,LUM CHANG HOLDINGS LIMITED,L19,LUM CHANG HOLDINGS LIMITED,Equity,ACTIVE,VERIFIED_ACTIVE_EQUITY,PASS,SGX API,Baseline entry - verified
5TP,CNMC GOLDMINE HOLDINGS LIMITED,5TP,CNMC GOLDMINE HOLDINGS LIMITED,Equity,ACTIVE,VERIFIED_ACTIVE_EQUITY,PASS,SGX API,Baseline entry - verified
G50,GRAND BANKS YACHTS LIMITED,G50,GRAND BANKS YACHTS LIMITED,Equity,ACTIVE,VERIFIED_ACTIVE_EQUITY,PASS,SGX API,Baseline entry - verified
42C,IX BIOPHARMA LTD,42C,IX BIOPHARMA LTD,Equity,ACTIVE,VERIFIED_ACTIVE_EQUITY,PASS,SGX API,Baseline entry - verified
1V3,MOOREAST HOLDINGS LTD,1V3,MOOREAST HOLDINGS LTD,Equity,ACTIVE,VERIFIED_ACTIVE_EQUITY,PASS,SGX API,Baseline entry - verified
XVG,AEDGE GROUP LIMITED,XVG,AEDGE GROUP LIMITED,Equity,ACTIVE,VERIFIED_ACTIVE_EQUITY,PASS,SGX API,Baseline entry - verified
VC2,OLAM GROUP LIMITED,VC2,MULTIPLE,Equity,ACTIVE,VERIFIED_ACTIVE_EQUITY,PASS,SGX API,"Baseline entry - maps to MULTIPLE aggregate (OK for known companies)"
5AB,TREK 2000 INTERNATIONAL LTD,5AB,TREK 2000 INT'L LTD,Equity,ACTIVE,VERIFIED_ACTIVE_EQUITY,PASS,SGX API,Baseline entry - verified
JCO,JUSTCO HOLDINGS LIMITED,JCO,JUSTCO HOLDINGS LIMITED,Equity,ACTIVE,VERIFIED_ACTIVE_EQUITY,PASS,SGX API,Baseline entry - verified
U11,UNITED OVERSEAS BANK LIMITED,U11,UNITED OVERSEAS BANK LIMITED,Equity,ACTIVE,VERIFIED_ACTIVE_EQUITY,PASS,SGX API,Baseline entry - verified
Z74,SINGTEL,XCIB,SINGTELGRP S$1B3.3%PERPSEC,Perpetual Bond,ACTIVE,CODE_NAME_MISMATCH,FAIL,SGX API,"ERROR: Z74 PROPOSED CODE RETURNS BOND CODE (XCIB). Should be verifying equity code not bond code."
S63,SINGAPORE TECHNOLOGIES ENGINEERING,S63,SINGAPORE TECH ENGINEERING LTD,Equity,ACTIVE,VERIFIED_ACTIVE_EQUITY,PASS,SGX API,Baseline entry - verified
BN4,KEPPEL CORPORATION LIMITED,BN4,KEPPEL CORPORATION LIMITED,Equity,ACTIVE,VERIFIED_ACTIVE_EQUITY,PASS,SGX API,Baseline entry - verified
G13,GENTING SINGAPORE LIMITED,G13,GENTING SINGAPORE LIMITED,Equity,ACTIVE,VERIFIED_ACTIVE_EQUITY,PASS,SGX API,Baseline entry - verified
A17U,CAPITALAND ASCENDAS REIT,A17U,CAPITALAND ASCENDAS REIT,REIT,ACTIVE,VERIFIED_ACTIVE_OTHER_INSTRUMENT,PASS,SGX API,Baseline entry - REIT (acceptable for monitoring)
C38U,CAPITALAND INTEGRATED COMMERCIAL TRUST,C38U,CAPITALAND INTEGRATED COMM TR,Business Trust,ACTIVE,VERIFIED_ACTIVE_OTHER_INSTRUMENT,PASS,SGX API,Baseline entry - Trust (acceptable for monitoring)
C8R,JIUTIAN CHEMICAL GROUP LIMITED,C8R,JIUTIAN CHEMICAL GROUP LIMITED,Equity,ACTIVE,VERIFIED_ACTIVE_EQUITY,PASS,SGX API,Baseline entry - verified
5E2,SEATRIUM LIMITED,5E2,SEATRIUM LTD,Equity,ACTIVE,VERIFIED_ACTIVE_EQUITY,PASS,SGX API,Baseline entry - verified
9CI,CAPITALAND INVESTMENT LIMITED,9CI,CAPITALAND INVESTMENT LIMITED,Equity,ACTIVE,VERIFIED_ACTIVE_EQUITY,PASS,SGX API,Baseline entry - verified
C09,CITY DEVELOPMENTS LIMITED,C09,CITY DEVELOPMENTS LIMITED,Equity,ACTIVE,VERIFIED_ACTIVE_EQUITY,PASS,SGX API,Baseline entry - verified
F17,GUOCOLAND LIMITED,F17,GUOCOLAND LIMITED,Equity,ACTIVE,VERIFIED_ACTIVE_EQUITY,PASS,SGX API,Baseline entry - verified
F34,WILMAR INTERNATIONAL LIMITED,F34,WILMAR INTERNATIONAL LIMITED,Equity,ACTIVE,VERIFIED_ACTIVE_EQUITY,PASS,SGX API,Baseline entry - verified
S68,SINGAPORE EXCHANGE LIMITED,S68,SINGAPORE EXCHANGE LIMITED,Equity,ACTIVE,VERIFIED_ACTIVE_EQUITY,PASS,SGX API,Baseline entry - verified
S59,SIA ENGINEERING COMPANY LIMITED,S59,SIA ENGINEERING CO LTD,Equity,ACTIVE,VERIFIED_ACTIVE_EQUITY,PASS,SGX API,Baseline entry - verified
TQ5,FRASERS PROPERTY LIMITED,TQ5,FRASERS PROPERTY LIMITED,Equity,ACTIVE,VERIFIED_ACTIVE_EQUITY,PASS,SGX API,Baseline entry - verified
AW9U,FIRST REIT,AW9U,FIRST REAL ESTATE INV TRUST,REIT,ACTIVE,VERIFIED_ACTIVE_OTHER_INSTRUMENT,PASS,SGX API,Baseline entry - REIT (acceptable)
N2IU,MAPLETREE COMMERCIAL TRUST,N2IU,MAPLETREE COMMERCIAL TRUST,Business Trust,ACTIVE,VERIFIED_ACTIVE_OTHER_INSTRUMENT,PASS,SGX API,Baseline entry - Trust (acceptable)
ME8U,MAPLETREE INDUSTRIAL TRUST,ME8U,MAPLETREE INDUSTRIAL TRUST,Business Trust,ACTIVE,VERIFIED_ACTIVE_OTHER_INSTRUMENT,PASS,SGX API,Baseline entry - Trust (acceptable)
M44U,MAPLETREE LOGISTICS TRUST,M44U,MAPLETREE LOGISTICS TRUST,Business Trust,ACTIVE,VERIFIED_ACTIVE_OTHER_INSTRUMENT,PASS,SGX API,Baseline entry - Trust (acceptable)
O39,OVERSEA-CHINESE BANKING CORPORATION LIMITED,O39,OVERSEA-CHINESE BANKING CORP,Equity,ACTIVE,VERIFIED_ACTIVE_EQUITY,PASS,SGX API,Baseline entry - verified
MCOB,BANGKOK BANK PUBLIC COMPANY LIMITED,MCOB,MULTIPLE,Equity,ACTIVE,VERIFIED_ACTIVE_EQUITY,PASS,SGX API,Baseline entry - maps to aggregate (acceptable)
C6L,SINGAPORE AIRLINES LIMITED,VB9B,MULTIPLE,Equity,ACTIVE,CODE_NAME_MISMATCH,FAIL,SGX API,"ERROR: C6L RETURNS VB9B (WRONG). Proposed watchlist has incorrect code."
D05,DBS GROUP HOLDINGS,D05,DBS GROUP HOLDINGS LTD,Equity,ACTIVE,VERIFIED_ACTIVE_EQUITY,PASS,SGX API,New addition - verified
G07,GREAT EASTERN HOLDINGS,G07,GREAT EASTERN HLDGS LTD,Equity,ACTIVE,VERIFIED_ACTIVE_EQUITY,PASS,SGX API,New addition - verified
H02,HAW PAR CORPORATION,H02,HAW PAR CORP LTD,Equity,ACTIVE,VERIFIED_ACTIVE_EQUITY,PASS,SGX API,New addition - verified
C07,JARDINE CYCLE & CARRIAGE,C07,JARDINE CYCLE & CARRIAGE LTD,Equity,ACTIVE,VERIFIED_ACTIVE_EQUITY,PASS,SGX API,New addition - verified
K6S,PRUDENTIAL PLC,K6S,PRUDENTIAL PLC,Equity,ACTIVE,VERIFIED_ACTIVE_EQUITY,PASS,SGX API,New addition - verified
V03,VENTURE CORPORATION,V03,VENTURE CORPORATION LIMITED,Equity,ACTIVE,VERIFIED_ACTIVE_EQUITY,PASS,SGX API,New addition - verified
OCBC,OCBC,O39,OCBC WING HANG BK US$400M6%N,Unknown,UNKNOWN,DUPLICATE_ISSUER_OR_INSTRUMENT,FAIL,SGX Records,"ERROR: OCBC not official SGX code. Correct code is O39 (already in watchlist as entry 32). OCBC appears to map to bond instruments."
PRU,PRUDENTIAL,K6S,PRUDENTIAL PLC,Equity,ACTIVE,DUPLICATE_ISSUER_OR_INSTRUMENT,FAIL,SGX API,"ERROR: PRU is DUPLICATE of K6S. Entry 39 already lists K6S (PRUDENTIAL PLC). Cannot have two entries for same company."
M1Z,M1 LIMITED,B2F,M1 LIMITED,Equity,DELISTED,DELISTED,FAIL,Wikipedia/SGX,"ERROR: M1 Limited delisted from SGX on April 24, 2019. No longer trading. https://en.wikipedia.org/wiki/M1_(Singaporean_company)"
N26,NOBLE GROUP LIMITED,CGP,NOBLE GROUP LIMITED,Equity,DELISTED,DELISTED,FAIL,Wikipedia/MAS,"ERROR: Noble Group delisted in 2018. Fraudulent accounting. Fined S$12.6M by Monetary Authority of Singapore. Cannot be monitored."
AL8,ALLIED TECHNOLOGIES LIMITED,A13,ALLIED TECHNOLOGIES LIMITED,Equity,ACTIVE,CODE_NAME_MISMATCH,FAIL,SGX API,"ERROR: Code mismatch. Proposed code is AL8 but API returns A13. Wrong code in watchlist."
ENT,ENTERTAINMENT LIMITED,UNKNOWN,UNKNOWN,Unknown,UNKNOWN,UNVERIFIED,FAIL,SGX API,ERROR: Cannot find on SGX API. Company name or code appears invalid.
ST,SEMBCORP INDUSTRIES,U96,SEMBCORP INDUSTRIES LTD,Equity,ACTIVE,CODE_NAME_MISMATCH,FAIL,SGX API,"ERROR: Code mismatch. Proposed code is ST but API returns U96. Wrong code in watchlist."
AE8,AEM HOLDINGS,AWX,AEM HOLDINGS LTD,Equity,ACTIVE,CODE_NAME_MISMATCH,FAIL,SGX API,"ERROR: Code mismatch. Proposed code is AE8 but API returns AWX. Wrong code in watchlist."
CRC,CHINA RESOURCE,UNKNOWN,CHINA RESOURCES GAS GROUP LIMITED - BONDS,Bond,ACTIVE,VERIFIED_ACTIVE_OTHER_INSTRUMENT,FAIL,SGX API,"ERROR: Not an equity. API returns bond instrument from China Resources. Cannot use for insider transaction monitoring."
AXX,AXIATA,GMQB,AXIATA US$1B3.064%N500819,Bond,ACTIVE,VERIFIED_ACTIVE_OTHER_INSTRUMENT,FAIL,SGX API,"ERROR: Not an equity. API returns GMQB (bond code, Axiata bond note). Cannot use for equity insider monitoring."
