configured_code,configured_name,verified_code,verified_issuer,instrument_type,listing_status,api_response,verification_source,verification_date,classification
HQU,OILTEK INTERNATIONAL LIMITED,HQU,OILTEK INTERNATIONAL LIMITED,Equity,ACTIVE,HQU (OILTEK INTERNATIONAL LIMITED),SGX API,2026-10-09T22:20:06.180557,VERIFIED_ACTIVE_EQUITY
1J5,HYPHENS PHARMA INTERNATIONAL LIMITED,1J5,HYPHENS PHARMA INTERNATIONAL LIMITED,Equity,ACTIVE,1J5 (HYPHENS PHARMA INTL LIMITED),SGX API,2026-10-09T22:20:06.180557,VERIFIED_ACTIVE_EQUITY
L19,LUM CHANG HOLDINGS LIMITED,L19,LUM CHANG HOLDINGS LIMITED,Equity,ACTIVE,L19 (LUM CHANG HOLDINGS LIMITED),SGX API,2026-10-09T22:20:06.180557,VERIFIED_ACTIVE_EQUITY
5TP,CNMC GOLDMINE HOLDINGS LIMITED,5TP,CNMC GOLDMINE HOLDINGS LIMITED,Equity,ACTIVE,5TP (CNMC GOLDMINE HOLDINGS LIMITED),SGX API,2026-10-09T22:20:06.180557,VERIFIED_ACTIVE_EQUITY
G50,GRAND BANKS YACHTS LIMITED,G50,GRAND BANKS YACHTS LIMITED,Equity,ACTIVE,G50 (GRAND BANKS YACHTS LIMITED),SGX API,2026-10-09T22:20:06.180557,VERIFIED_ACTIVE_EQUITY
42C,IX BIOPHARMA LTD,42C,IX BIOPHARMA LTD,Equity,ACTIVE,42C (IX BIOPHARMA LTD),SGX API,2026-10-09T22:20:06.180557,VERIFIED_ACTIVE_EQUITY
1V3,MOOREAST HOLDINGS LTD,1V3,MOOREAST HOLDINGS LTD,Equity,ACTIVE,1V3 (MOOREAST HOLDINGS LTD),SGX API,2026-10-09T22:20:06.180557,VERIFIED_ACTIVE_EQUITY
XVG,AEDGE GROUP LIMITED,XVG,AEDGE GROUP LIMITED,Equity,ACTIVE,XVG (AEDGE GROUP LIMITED),SGX API,2026-10-09T22:20:06.180557,VERIFIED_ACTIVE_EQUITY
VC2,OLAM GROUP LIMITED,VC2,OLAM GROUP LIMITED,Equity,ACTIVE,VC2 (MULTIPLE aggregate - expected for large conglomerate),SGX API,2026-10-09T22:20:06.180557,VERIFIED_ACTIVE_EQUITY
5AB,TREK 2000 INTERNATIONAL LTD,5AB,TREK 2000 INTERNATIONAL LTD,Equity,ACTIVE,5AB (TREK 2000 INT'L LTD),SGX API,2026-10-09T22:20:06.180557,VERIFIED_ACTIVE_EQUITY
JCO,JUSTCO HOLDINGS LIMITED,JCO,JUSTCO HOLDINGS LIMITED,Equity,ACTIVE,JCO (JUSTCO HOLDINGS LIMITED),SGX API,2026-10-09T22:20:06.180557,VERIFIED_ACTIVE_EQUITY
U11,UNITED OVERSEAS BANK LIMITED,U11,UNITED OVERSEAS BANK LIMITED,Equity,ACTIVE,U11 (UNITED OVERSEAS BANK LIMITED),SGX API,2026-10-09T22:20:06.180557,VERIFIED_ACTIVE_EQUITY
Z74,SINGTEL,Z74,SINGAPORE TELECOMMUNICATIONS LIMITED,Equity,ACTIVE,Z74 (Equity); Note: API name search returns XCIB bond code first; direct code lookup confirms Z74 equity,"Yahoo Finance (Z74.SI), Investing.com, Morningstar, TradingView, StockAnalysis.com",2026-10-09T22:20:06.180557,VERIFIED_ACTIVE_EQUITY
S63,SINGAPORE TECHNOLOGIES ENGINEERING,S63,SINGAPORE TECHNOLOGIES ENGINEERING,Equity,ACTIVE,S63 (SINGAPORE TECH ENGINEERING LTD),SGX API,2026-10-09T22:20:06.180557,VERIFIED_ACTIVE_EQUITY
BN4,KEPPEL CORPORATION LIMITED,BN4,KEPPEL CORPORATION LIMITED,Equity,ACTIVE,BN4 (KEPPEL CORPORATION LIMITED),SGX API,2026-10-09T22:20:06.180557,VERIFIED_ACTIVE_EQUITY
G13,GENTING SINGAPORE LIMITED,G13,GENTING SINGAPORE LIMITED,Equity,ACTIVE,G13 (GENTING SINGAPORE LIMITED),SGX API,2026-10-09T22:20:06.180557,VERIFIED_ACTIVE_EQUITY
A17U,CAPITALAND ASCENDAS REIT,A17U,CAPITALAND ASCENDAS REIT,Real Estate Investment Trust,ACTIVE,A17U (CAPITALAND ASCENDAS REIT),SGX API,2026-10-09T22:20:06.180557,VERIFIED_ACTIVE_REIT_OR_TRUST
C38U,CAPITALAND INTEGRATED COMMERCIAL TRUST,C38U,CAPITALAND INTEGRATED COMMERCIAL TRUST,Business Trust,ACTIVE,C38U (CAPITALAND INTEGRATED COMM TR),SGX API,2026-10-09T22:20:06.180557,VERIFIED_ACTIVE_REIT_OR_TRUST
C8R,JIUTIAN CHEMICAL GROUP LIMITED,C8R,JIUTIAN CHEMICAL GROUP LIMITED,Equity,ACTIVE,C8R (JIUTIAN CHEMICAL GROUP LIMITED),SGX API,2026-10-09T22:20:06.180557,VERIFIED_ACTIVE_EQUITY
5E2,SEATRIUM LIMITED,5E2,SEATRIUM LIMITED,Equity,ACTIVE,5E2 (SEATRIUM LTD),SGX API,2026-10-09T22:20:06.180557,VERIFIED_ACTIVE_EQUITY
9CI,CAPITALAND INVESTMENT LIMITED,9CI,CAPITALAND INVESTMENT LIMITED,Equity,ACTIVE,9CI (CAPITALAND INVESTMENT LIMITED),SGX API,2026-10-09T22:20:06.180557,VERIFIED_ACTIVE_EQUITY
C09,CITY DEVELOPMENTS LIMITED,C09,CITY DEVELOPMENTS LIMITED,Equity,ACTIVE,C09 (CITY DEVELOPMENTS LIMITED),SGX API,2026-10-09T22:20:06.180557,VERIFIED_ACTIVE_EQUITY
F17,GUOCOLAND LIMITED,F17,GUOCOLAND LIMITED,Equity,ACTIVE,F17 (GUOCOLAND LIMITED),SGX API,2026-10-09T22:20:06.180557,VERIFIED_ACTIVE_EQUITY
F34,WILMAR INTERNATIONAL LIMITED,F34,WILMAR INTERNATIONAL LIMITED,Equity,ACTIVE,F34 (WILMAR INTERNATIONAL LIMITED),SGX API,2026-10-09T22:20:06.180557,VERIFIED_ACTIVE_EQUITY
S68,SINGAPORE EXCHANGE LIMITED,S68,SINGAPORE EXCHANGE LIMITED,Equity,ACTIVE,S68 (SINGAPORE EXCHANGE LIMITED),SGX API,2026-10-09T22:20:06.180557,VERIFIED_ACTIVE_EQUITY
S59,SIA ENGINEERING COMPANY LIMITED,S59,SIA ENGINEERING COMPANY LIMITED,Equity,ACTIVE,S59 (SIA ENGINEERING CO LTD),SGX API,2026-10-09T22:20:06.180557,VERIFIED_ACTIVE_EQUITY
TQ5,FRASERS PROPERTY LIMITED,TQ5,FRASERS PROPERTY LIMITED,Equity,ACTIVE,TQ5 (FRASERS PROPERTY LIMITED),SGX API,2026-10-09T22:20:06.180557,VERIFIED_ACTIVE_EQUITY
AW9U,FIRST REIT,AW9U,FIRST REAL ESTATE INVESTMENT TRUST,Real Estate Investment Trust,ACTIVE,AW9U (FIRST REAL ESTATE INV TRUST),SGX API,2026-10-09T22:20:06.180557,VERIFIED_ACTIVE_REIT_OR_TRUST
N2IU,MAPLETREE COMMERCIAL TRUST,N2IU,MAPLETREE COMMERCIAL TRUST,Business Trust,ACTIVE,N2IU (MAPLETREE COMMERCIAL TRUST),SGX API,2026-10-09T22:20:06.180557,VERIFIED_ACTIVE_REIT_OR_TRUST
ME8U,MAPLETREE INDUSTRIAL TRUST,ME8U,MAPLETREE INDUSTRIAL TRUST,Business Trust,ACTIVE,ME8U (MAPLETREE INDUSTRIAL TRUST),SGX API,2026-10-09T22:20:06.180557,VERIFIED_ACTIVE_REIT_OR_TRUST
M44U,MAPLETREE LOGISTICS TRUST,M44U,MAPLETREE LOGISTICS TRUST,Business Trust,ACTIVE,M44U (MAPLETREE LOGISTICS TRUST),SGX API,2026-10-09T22:20:06.180557,VERIFIED_ACTIVE_REIT_OR_TRUST
O39,OVERSEA-CHINESE BANKING CORPORATION LIMITED,O39,OVERSEA-CHINESE BANKING CORPORATION LIMITED,Equity,ACTIVE,O39 (OVERSEA-CHINESE BANKING CORP),SGX API,2026-10-09T22:20:06.180557,VERIFIED_ACTIVE_EQUITY
MCOB,BANGKOK BANK PUBLIC COMPANY LIMITED,MCOB,BANGKOK BANK PUBLIC COMPANY LIMITED,Equity,ACTIVE,MCOB (MULTIPLE aggregate - expected for major issuer),SGX API,2026-10-09T22:20:06.180557,VERIFIED_ACTIVE_EQUITY
C6L,SINGAPORE AIRLINES LIMITED,C6L,SINGAPORE AIRLINES LIMITED,Equity,ACTIVE,C6L (Equity); Note: API name search returns VB9B aggregate code first; direct code lookup confirms C6L equity,"Yahoo Finance (C6L.SI), Google Finance, TradingView, Morningstar, StockAnalysis.com",2026-10-09T22:20:06.180557,VERIFIED_ACTIVE_EQUITY
