stock_code,company_name,instrument_type,expansion_stage,api_verification_status,status
HQU,OILTEK INTERNATIONAL LIMITED,Equity,Current Watchlist,PASSED,ACTIVE
1J5,HYPHENS PHARMA INTERNATIONAL LIMITED,Equity,Current Watchlist,PASSED,ACTIVE
L19,LUM CHANG HOLDINGS LIMITED,Equity,Current Watchlist,PASSED,ACTIVE
5TP,CNMC GOLDMINE HOLDINGS LIMITED,Equity,Current Watchlist,PASSED,ACTIVE
G50,GRAND BANKS YACHTS LIMITED,Equity,Current Watchlist,PASSED,ACTIVE
42C,IX BIOPHARMA LTD,Equity,Current Watchlist,PASSED,ACTIVE
1V3,MOOREAST HOLDINGS LTD,Equity,Current Watchlist,PASSED,ACTIVE
XVG,AEDGE GROUP LIMITED,Equity,Current Watchlist,PASSED,ACTIVE
VC2,OLAM GROUP LIMITED,Equity,Current Watchlist,PASSED,ACTIVE
5AB,TREK 2000 INTERNATIONAL LTD,Equity,Current Watchlist,PASSED,ACTIVE
JCO,JUSTCO HOLDINGS LIMITED,Equity,Current Watchlist,PASSED,ACTIVE
U11,UNITED OVERSEAS BANK LIMITED,Equity,Current Watchlist,PASSED,ACTIVE
Z74,SINGTEL,Equity,Current Watchlist,PASSED,ACTIVE
S63,SINGAPORE TECHNOLOGIES ENGINEERING,Equity,Current Watchlist,PASSED,ACTIVE
BN4,KEPPEL CORPORATION LIMITED,Equity,Current Watchlist,PASSED,ACTIVE
G13,GENTING SINGAPORE LIMITED,Equity,Current Watchlist,PASSED,ACTIVE
A17U,CAPITALAND ASCENDAS REIT,Equity,Current Watchlist,PASSED,ACTIVE
C38U,CAPITALAND INTEGRATED COMMERCIAL TRUST,Equity,Current Watchlist,PASSED,ACTIVE
C8R,JIUTIAN CHEMICAL GROUP LIMITED,Equity,Current Watchlist,PASSED,ACTIVE
5E2,SEATRIUM LIMITED,Equity,Current Watchlist,PASSED,ACTIVE
9CI,CAPITALAND INVESTMENT LIMITED,Equity,Current Watchlist,PASSED,ACTIVE
C09,CITY DEVELOPMENTS LIMITED,Equity,Current Watchlist,PASSED,ACTIVE
F17,GUOCOLAND LIMITED,Equity,Current Watchlist,PASSED,ACTIVE
F34,WILMAR INTERNATIONAL LIMITED,Equity,Current Watchlist,PASSED,ACTIVE
S68,SINGAPORE EXCHANGE LIMITED,Equity,Current Watchlist,PASSED,ACTIVE
S59,SIA ENGINEERING COMPANY LIMITED,Equity,Current Watchlist,PASSED,ACTIVE
TQ5,FRASERS PROPERTY LIMITED,Equity,Current Watchlist,PASSED,ACTIVE
AW9U,FIRST REIT,Equity,Current Watchlist,PASSED,ACTIVE
N2IU,MAPLETREE COMMERCIAL TRUST,Equity,Current Watchlist,PASSED,ACTIVE
ME8U,MAPLETREE INDUSTRIAL TRUST,Equity,Current Watchlist,PASSED,ACTIVE
M44U,MAPLETREE LOGISTICS TRUST,Equity,Current Watchlist,PASSED,ACTIVE
O39,OVERSEA-CHINESE BANKING CORPORATION LIMITED,Equity,Current Watchlist,PASSED,ACTIVE
MCOB,BANGKOK BANK PUBLIC COMPANY LIMITED,Equity,Current Watchlist,PASSED,ACTIVE
C6L,SINGAPORE AIRLINES LIMITED,Equity,Current Watchlist,PASSED,ACTIVE
D05,DBS GROUP HOLDINGS,Equity,Stage 1 Expansion,PASSED,APPROVED
G07,GREAT EASTERN HOLDINGS,Equity,Stage 1 Expansion,PASSED,APPROVED
H02,HAW PAR CORPORATION,Equity,Stage 1 Expansion,PASSED,APPROVED
C07,JARDINE CYCLE & CARRIAGE,Equity,Stage 1 Expansion,PASSED,APPROVED
K6S,PRUDENTIAL PLC,Equity,Stage 1 Expansion,PASSED,APPROVED
V03,VENTURE CORPORATION,Equity,Stage 1 Expansion,PASSED,APPROVED
OCBC,OCBC,Equity,Stage 2 Expansion,PASSED,APPROVED
PRU,PRUDENTIAL,Equity,Stage 2 Expansion,PASSED,APPROVED
M1Z,M1 LIMITED,Equity,Stage 2 Expansion,PASSED,APPROVED
N26,NOBLE GROUP LIMITED,Equity,Stage 2 Expansion,PASSED,APPROVED
AL8,ALLIED TECHNOLOGIES LIMITED,Equity,Stage 2 Expansion,PASSED,APPROVED
ENT,ENTERTAINMENT LIMITED,Equity,Stage 2 Expansion,PASSED,APPROVED
ST,SEMBCORP INDUSTRIES,Equity,Stage 3 Expansion,PASSED,APPROVED
AE8,AEM HOLDINGS,Equity,Stage 3 Expansion,PASSED,APPROVED
CRC,CHINA RESOURCE,Equity,Stage 3 Expansion,PASSED,APPROVED
AXX,AXIATA,Equity,Stage 3 Expansion (Final),PASSED,APPROVED
